{
    "Terrain": {
        "Position": [
            2.799999952316284,
            -0.7839999794960022,
            2.3529999256134033
        ],
        "Rotation": [
            0.4000000059604645,
            -3.5290000438690186,
            0.19599999487400055
        ],
        "Scale": [
            1.0,
            1.0,
            1.0
        ],
        "Visible": true
    }
}
