{
  "weapons": [
    {
      "autoReload": true,
      "bulletsPerShot": 1,
      "casing": {
        "color": [
          0.9019607901573181,
          0.800000011920929,
          0.3019607961177826,
          1.0
        ],
        "coneDeg": 20.0,
        "drag": 0.20000000298023224,
        "enabled": true,
        "gravityY": -9.800000190734863,
        "life": 1.5,
        "offsetBack": 0.800000011920929,
        "offsetRight": 0.10000000149011612,
        "offsetUp": 0.05999999865889549,
        "scale": [
          0.01600000075995922,
          0.01600000075995922,
          0.04800000041723251
        ],
        "speedMax": 3.200000047683716,
        "speedMin": 1.7999999523162842,
        "spinMax": 28.0,
        "spinMin": 12.0,
        "upBias": 0.25,
        "upKick": 1.2000000476837158
      },
      "magCapacity": 15,
      "maxDistance": 200.0,
      "muzzle": {
        "color": [
          1.2000000476837158,
          1.0,
          0.6000000238418579,
          1.0
        ],
        "enabled": true,
        "endLength": 0.05000000074505806,
        "endWidth": 0.029999999329447746,
        "life": 0.05999999865889549,
        "offsetForward": 0.0,
        "randomYawDeg": 0.0,
        "sparkColorEnd": [
          0.800000011920929,
          0.20000000298023224,
          0.0,
          0.0
        ],
        "sparkColorStart": [
          1.2999999523162842,
          1.0,
          0.6000000238418579,
          1.0
        ],
        "sparkConeDeg": 28.0,
        "sparkCount": 14,
        "sparkGravityY": -25.0,
        "sparkLifeMax": 0.14000000059604645,
        "sparkLifeMin": 0.07999999821186066,
        "sparkOffsetForward": 0.019999999552965164,
        "sparkSpeedMax": 16.0,
        "sparkSpeedMin": 8.0,
        "sparkWidth": 0.017999999225139618,
        "sparksEnabled": true,
        "startLength": 0.20000000298023224,
        "startWidth": 0.10000000149011612
      },
      "muzzleSpeed": 252.0,
      "name": "Pistol",
      "reloadTime": 1.600000023841858,
      "requestedMaxSegments": 256,
      "rpm": 300.0,
      "startingReserve": 60,
      "spreadDeg": 0.0,
      "pelletTracerMode": 0,
      "pelletTracerCount": 0,
      "tracer": {
        "color": [
          0.800000011920929,
          1.0,
          0.6000000238418579,
          1.0
        ],
        "enabled": true,
        "minSegLength": 0.05000000074505806,
        "startOffsetForward": 2.0999999046325684,
        "tracerLength": 10.0,
        "tracerWidth": 0.019999999552965164
      }
    },
    {
      "autoReload": true,
      "bulletsPerShot": 1,
      "casing": {
        "color": [
          0.8999999761581421,
          0.800000011920929,
          0.30000001192092896,
          1.0
        ],
        "coneDeg": 20.0,
        "drag": 0.20000000298023224,
        "enabled": true,
        "gravityY": -9.800000190734863,
        "life": 0.5,
        "offsetBack": 0.800000011920929,
        "offsetRight": 0.10000000149011612,
        "offsetUp": 0.05999999865889549,
        "scale": [
          0.01600000075995922,
          0.01600000075995922,
          0.04800000041723251
        ],
        "speedMax": 3.200000047683716,
        "speedMin": 1.7999999523162842,
        "spinMax": 28.0,
        "spinMin": 12.0,
        "upBias": 0.25,
        "upKick": 1.2000000476837158
      },
      "magCapacity": 15,
      "maxDistance": 200.0,
      "muzzle": {
        "color": [
          1.2000000476837158,
          1.0,
          0.6000000238418579,
          1.0
        ],
        "enabled": true,
        "endLength": 0.05000000074505806,
        "endWidth": 0.029999999329447746,
        "life": 0.05999999865889549,
        "offsetForward": 0.0,
        "randomYawDeg": 0.0,
        "sparkColorEnd": [
          0.800000011920929,
          0.20000000298023224,
          0.0,
          0.0
        ],
        "sparkColorStart": [
          1.2999999523162842,
          1.0,
          0.6000000238418579,
          1.0
        ],
        "sparkConeDeg": 35.0,
        "sparkCount": 22,
        "sparkGravityY": -32.0,
        "sparkLifeMax": 0.18000000715255737,
        "sparkLifeMin": 0.10000000149011612,
        "sparkOffsetForward": 0.029999999329447746,
        "sparkSpeedMax": 24.0,
        "sparkSpeedMin": 8.0,
        "sparkWidth": 0.017999999225139618,
        "sparksEnabled": true,
        "startLength": 0.20000000298023224,
        "startWidth": 0.10000000149011612
      },
      "muzzleSpeed": 252.0,
      "name": "Rifle",
      "reloadTime": 1.600000023841858,
      "requestedMaxSegments": 256,
      "rpm": 600.0,
      "startingReserve": 60,
      "spreadDeg": 0.0,
      "pelletTracerMode": 0,
      "pelletTracerCount": 0,
      "tracer": {
        "color": [
          0.800000011920929,
          1.0,
          0.6000000238418579,
          1.0
        ],
        "enabled": true,
        "minSegLength": 0.05000000074505806,
        "startOffsetForward": 3.0,
        "tracerLength": 10.0,
        "tracerWidth": 0.019999999552965164
      }
    },
    {
      "autoReload": true,
      "bulletsPerShot": 1,
      "casing": {
        "color": [
          0.7019608020782471,
          0.7019608020782471,
          0.7019608020782471,
          1.0
        ],
        "coneDeg": 20.0,
        "drag": 0.20000000298023224,
        "enabled": true,
        "gravityY": -9.800000190734863,
        "life": 0.5,
        "offsetBack": 0.800000011920929,
        "offsetRight": 0.10000000149011612,
        "offsetUp": 0.05999999865889549,
        "scale": [
          0.024000000208616257,
          0.024000000208616257,
          0.07199999690055847
        ],
        "speedMax": 3.200000047683716,
        "speedMin": 1.7999999523162842,
        "spinMax": 28.0,
        "spinMin": 12.0,
        "upBias": 0.25,
        "upKick": 1.2000000476837158
      },
      "magCapacity": 15,
      "maxDistance": 200.0,
      "muzzle": {
        "color": [
          1.2000000476837158,
          1.0,
          0.6000000238418579,
          1.0
        ],
        "enabled": true,
        "endLength": 0.05000000074505806,
        "endWidth": 0.029999999329447746,
        "life": 0.05000000074505806,
        "offsetForward": 0.0,
        "randomYawDeg": 0.0,
        "sparkColorEnd": [
          0.800000011920929,
          0.20000000298023224,
          0.0,
          0.0
        ],
        "sparkColorStart": [
          1.2999999523162842,
          1.0,
          0.6000000238418579,
          1.0
        ],
        "sparkConeDeg": 32.0,
        "sparkCount": 26,
        "sparkGravityY": -9.800000190734863,
        "sparkLifeMax": 0.11999999731779099,
        "sparkLifeMin": 0.07000000029802322,
        "sparkOffsetForward": 0.019999999552965164,
        "sparkSpeedMax": 26.0,
        "sparkSpeedMin": 12.0,
        "sparkWidth": 0.017999999225139618,
        "sparksEnabled": true,
        "startLength": 0.20000000298023224,
        "startWidth": 0.10000000149011612
      },
      "muzzleSpeed": 252.0,
      "name": "MachineGun",
      "reloadTime": 1.600000023841858,
      "requestedMaxSegments": 256,
      "rpm": 900.0,
      "startingReserve": 60,
      "spreadDeg": 0.0,
      "pelletTracerMode": 0,
      "pelletTracerCount": 0,
      "tracer": {
        "color": [
          0.800000011920929,
          1.0,
          0.6000000238418579,
          1.0
        ],
        "enabled": true,
        "minSegLength": 0.05000000074505806,
        "startOffsetForward": 2.5,
        "tracerLength": 10.0,
        "tracerWidth": 0.019999999552965164
      }
    },
    {
      "autoReload": true,
      "bulletsPerShot": 8,
      "casing": {
        "color": [
          0.4000000059604645,
          0.0,
          0.0,
          1.0
        ],
        "coneDeg": 20.0,
        "drag": 0.20000000298023224,
        "enabled": true,
        "gravityY": -9.800000190734863,
        "life": 2.5,
        "offsetBack": 0.800000011920929,
        "offsetRight": 0.11999999731779099,