{
  "autoReload": true,
  "bulletsPerShot": 1,
  "casing": {
    "color": [
      0.9019607901573181,
      0.800000011920929,
      0.3019607961177826,
      1.0
    ],
    "coneDeg": 20.0,
    "drag": 0.20000000298023224,
    "enabled": true,
    "gravityY": -9.800000190734863,
    "life": 1.5,
    "offsetBack": 0.800000011920929,
    "offsetRight": 0.10000000149011612,
    "offsetUp": 0.05999999865889549,
    "scale": [
      0.01600000075995922,
      0.01600000075995922,
      0.04800000041723251
    ],
    "speedMax": 3.200000047683716,
    "speedMin": 1.7999999523162842,
    "spinMax": 28.0,
    "spinMin": 12.0,
    "upBias": 0.25,
    "upKick": 1.2000000476837158
  },
  "class": "Backup",
  "magCapacity": 15,
  "maxDistance": 200.0,
  "muzzle": {
    "color": [
      1.2000000476837158,
      1.0,
      0.6000000238418579,
      1.0
    ],
    "enabled": true,
    "endLength": 0.05000000074505806,
    "endWidth": 0.029999999329447746,
    "life": 0.05999999865889549,
    "offsetForward": 0.0,
    "randomYawDeg": 0.0,
    "sparkColorEnd": [
      0.800000011920929,
      0.20000000298023224,
      0.0,
      0.0
    ],
    "sparkColorStart": [
      1.2999999523162842,
      1.0,
      0.6000000238418579,
      1.0
    ],
    "sparkConeDeg": 28.0,
    "sparkCount": 14,
    "sparkGravityY": -25.0,
    "sparkLifeMax": 0.14000000059604645,
    "sparkLifeMin": 0.07999999821186066,
    "sparkOffsetForward": 0.019999999552965164,
    "sparkSpeedMax": 16.0,
    "sparkSpeedMin": 8.0,
    "sparkWidth": 0.017999999225139618,
    "sparksEnabled": true,
    "startLength": 0.20000000298023224,
    "startWidth": 0.10000000149011612
  },
  "muzzleSpeed": 252.0,
  "name": "Pistol",
  "pelletTracerCount": 0,
  "pelletTracerMode": 0,
  "reloadTime": 1.600000023841858,
  "requestedMaxSegments": 256,
  "rpm": 300.0,
  "spreadDeg": 0.0,
  "startingReserve": 60,
  "tracer": {
    "color": [
      0.800000011920929,
      1.0,
      0.6000000238418579,
      1.0
    ],
    "enabled": true,
    "minSegLength": 0.05000000074505806,
    "startOffsetForward": 2.0999999046325684,
    "tracerLength": 10.0,
    "tracerWidth": 0.019999999552965164
  }
}
